{
    "dialogue_used_lines": [
        10,
        6,
        10,
        10
    ],
    "game_progress": 0,
    "level_data": {
        "Level_0": {
            "visited": true
        },
        "Level_1": {
            "visited": true
        },
        "Level_2": {
            "terminals": {
                "24664c50-3b70-11ee-b323-2ffa2017cfd2": false
            },
            "visited": false
        },
        "Level_3": {
            "terminals": {
                "0264a780-1460-11ee-b55c-9fdcedee87c2": true,
                "34c233c0-3b70-11ee-892e-2f2967ac2abd": true,
                "367b2850-1460-11ee-b55c-79dea731b1fb": true,
                "42dc6870-1460-11ee-b55c-531e29aca8cd": true,
                "49f19c20-1460-11ee-b55c-978d5783690c": true,
                "de41e390-3b70-11ee-af06-f1f029e960ad": true,
                "f8604320-1460-11ee-b55c-cb6f31ce9baf": true
            },
            "visited": true
        },
        "Level_4": {
            "switches": {
                "747210c0-3b70-11ee-b323-a19bc94561db": false,
                "7a4346a0-3b70-11ee-91d6-efedd4476184": false
            },
            "terminals": {
                "d69225c0-3b70-11ee-b323-3b405c3d3566": false,
                "df3c0330-3b70-11ee-b323-6bcd393fee8f": false,
                "ecd48ad0-3b70-11ee-b323-39c03a1c8cd9": false
            },
            "visited": true
        },
        "Level_5": {
            "switches": {
                "3880d9a0-3b70-11ee-b323-99f98253e38c": false
            },
            "visited": false
        },
        "Level_6": {
            "boss": {
                "9c89b140-3b70-11ee-a1ad-4372584a07b6": false
            },
            "visited": true
        },
        "Level_7": {
            "switches": {
                "490cb700-3b70-11ee-af06-3f57c02f5033": false
            },
            "visited": true
        }
    },
    "player": {
        "currentEnergy": 50,
        "currentHP": 50,
        "currentLevel": "Level_3",
        "maxEnergy": 50,
        "maxHP": 50,
        "position": [
            698.1358642578125,
            570.16015625
        ],
        "samples": 0,
        "skillsUnlocked": {
            "axe": false,
            "axe_dash_slash": false,
            "axe_pwr_attack": false,
            "axe_throwing": false,
            "tnt": false
        }
    },
    "world_events": {
        "event1": "",
        "event2": ""
    }
}