{"dialogue_used_lines":[6,8,9,20,10,10,24,27,47,46,37,10],"game_progress":0,"level_data":{"Level_0":{"visited":true},"Level_1":{"secrets":{"202b9230-3b70-11ee-9c52-8b1a81cb9d45":false,"33169870-3b70-11ee-9c52-b138e98d70a5":false},"terminals":{"605df6a0-3b70-11ee-9c52-9bfc6acacb1f":false},"visited":true},"Level_11":{"visited":true},"Level_2":{"terminals":{"24664c50-3b70-11ee-b323-2ffa2017cfd2":false},"visited":true},"Level_3":{"secrets":{"43272710-3b70-11ee-9502-9b39fa813106":true,"5b387200-3b70-11ee-b142-ed2d979caaf4":false},"terminals":{"0264a780-1460-11ee-b55c-9fdcedee87c2":true,"34c233c0-3b70-11ee-892e-2f2967ac2abd":true,"367b2850-1460-11ee-b55c-79dea731b1fb":true,"42dc6870-1460-11ee-b55c-531e29aca8cd":true,"49f19c20-1460-11ee-b55c-978d5783690c":true,"de41e390-3b70-11ee-af06-f1f029e960ad":true,"f8604320-1460-11ee-b55c-cb6f31ce9baf":true},"visited":true},"Level_4":{"switches":{"747210c0-3b70-11ee-b323-a19bc94561db":true,"7a4346a0-3b70-11ee-91d6-efedd4476184":true},"terminals":{"6c12e900-3b70-11ee-8449-97688992e95f":true,"d69225c0-3b70-11ee-b323-3b405c3d3566":true,"df3c0330-3b70-11ee-b323-6bcd393fee8f":true,"ecd48ad0-3b70-11ee-b323-39c03a1c8cd9":true},"visited":true},"Level_5":{"switches":{"3880d9a0-3b70-11ee-b323-99f98253e38c":false},"visited":true},"Level_6":{"boss":{"9c89b140-3b70-11ee-a1ad-4372584a07b6":true},"secrets":{"4b18dc70-3b70-11ee-9502-63491715186c":false},"visited":true},"Level_7":{"secrets":{"d3368e70-3b70-11ee-b899-f358a08ad07a":true},"switches":{"490cb700-3b70-11ee-af06-3f57c02f5033":true,"fbfac7c0-3b70-11ee-b57a-df2bbcdfe180":true},"visited":true},"Level_8":{"visited":true},"Level_9":{"visited":true}},"player":{"currentEnergy":50,"currentHP":50,"currentLevel":"Level_8","maxEnergy":50,"maxHP":50,"position":[2027.2025146484375,218.16001892089844],"samples":0,"skillsUnlocked":{"axe":true,"axe_dash_slash":true,"axe_pwr_attack":false,"axe_throwing":true,"tnt":false}},"world_events":{"event1":"entangeled_axe","event2":""}}